ID,Opponent,Home,Result,Mins,FG,FGA,FG%,3P,3PA,3P%,FT,FTA,FT%,ORB,DRB,TRB,AST,STL,BLK,TOV,PF,PTS,Game Score,+/-
201710170CLE,CLE,True,L,36:32,5,12,.417,1,2,.500,3,3,1.000,4,6,10,3,0,0,1,4,14,11.7,+8
201710180BOS,MIL,False,L,36:32,3,7,.429,0,1,.000,2,5,.400,2,7,9,2,1,0,2,3,8,5.8,-15
201710200PHI,PHI,True,W,32:45,3,8,.375,0,2,.000,9,9,1.000,2,6,8,0,0,3,3,3,15,11.7,-4
201710240BOS,NYK,False,W,31:08,9,15,.600,4,6,.667,0,0,,1,3,4,2,4,2,3,4,22,18.9,+10
201710260MIL,MIL,True,W,27:49,3,6,.500,1,3,.333,5,5,1.000,0,2,2,3,1,0,2,1,12,10.3,+8
201710280MIA,MIA,True,W,31:28,6,9,.667,2,2,1.000,6,7,.857,2,3,5,0,0,0,0,1,20,17.6,+2
201710300BOS,SAS,False,W,35:18,2,7,.286,2,4,.500,1,2,.500,0,11,11,2,0,3,2,3,7,6.1,+12
201711010BOS,SAC,False,W,26:25,4,7,.571,1,2,.500,3,4,.750,1,3,4,2,0,0,2,1,12,8.9,+23
201711030OKC,OKC,True,W,29:48,4,10,.400,2,3,.667,3,4,.750,2,4,6,3,0,0,4,1,13,7.5,+4
201711050ORL,ORL,True,W,27:19,5,8,.625,2,4,.500,1,2,.500,0,4,4,3,1,0,0,4,13,11.7,+6
201711060ATL,ATL,True,W,32:27,7,13,.538,3,5,.600,4,4,1.000,0,8,8,1,1,2,0,1,21,19.8,+15
201711080BOS,LAL,False,W,9:21,1,2,.500,0,0,,3,3,1.000,0,1,1,1,1,1,1,1,5,5.3,-1
201711100BOS,CHO,False,W,30:44,6,12,.500,1,4,.250,3,4,.750,0,2,2,1,0,0,2,4,16,7.3,+5
201711120BOS,TOR,False,W,32:59,6,15,.400,1,4,.250,0,0,,1,6,7,0,0,0,2,3,13,4.2,+2
201711140BRK,BRK,True,W,30:17,6,9,.667,2,3,.667,5,6,.833,1,3,4,0,3,1,1,1,19,18.6,+5
201711160BOS,GSW,False,W,27:04,2,5,.400,0,0,,8,9,.889,1,3,4,0,1,0,1,3,12,9.3,-18
201711180ATL,ATL,True,W,28:47,5,11,.455,1,3,.333,3,3,1.000,0,7,7,0,4,2,1,3,14,13.6,-4
201711200DAL,DAL,True,W,37:49,6,11,.545,0,2,.000,3,4,.750,0,9,9,1,1,1,1,3,15,12.2,+15
201711220MIA,MIA,True,L,34:05,5,11,.455,3,4,.750,5,5,1.000,1,6,7,4,1,1,1,1,18,17.9,+4
201711240BOS,ORL,False,W,21:54,4,7,.571,3,4,.750,0,0,,1,1,2,0,1,2,0,1,11,10.7,+13
201711250IND,IND,True,W,37:38,4,10,.400,1,5,.200,2,3,.667,0,2,2,0,0,0,1,3,11,3.6,+12
201711270BOS,DET,False,L,34:44,3,7,.429,2,4,.500,2,2,1.000,1,2,3,4,0,1,1,5,10,8.1,-13
201711300BOS,PHI,False,W,27:52,6,11,.545,2,3,.667,1,3,.333,0,2,2,2,2,0,0,1,15,12.5,+7
201712020BOS,PHO,False,W,26:30,6,8,.750,1,1,1.000,2,2,1.000,1,5,6,2,2,2,1,2,15,17.0,+8
201712040BOS,MIL,False,W,32:35,5,6,.833,4,5,.800,3,4,.750,0,6,6,0,0,0,1,1,17,14.8,+8
201712060BOS,DAL,False,W,32:49,5,11,.455,2,3,.667,5,6,.833,1,9,10,0,1,0,0,2,17,14.5,+16
201712080SAS,SAS,True,L,35:54,6,11,.545,2,4,.500,6,6,1.000,0,8,8,0,2,0,0,0,20,19.1,-7
201712100DET,DET,True,W,29:49,4,7,.571,3,5,.600,0,0,,0,4,4,0,0,1,1,1,11,8.2,+12
201712110CHI,CHI,True,L,29:05,1,7,.143,0,4,.000,2,4,.500,1,9,10,1,1,1,0,3,4,3.3,-3
201712130BOS,DEN,False,W,27:55,6,9,.667,1,1,1.000,2,3,.667,0,4,4,2,0,1,1,1,15,12.6,+2
201712150BOS,UTA,False,L,26:00,1,6,.167,1,3,.333,4,4,1.000,0,4,4,2,0,0,1,4,7,3.2,-7
201712160MEM,MEM,True,W,34:00,7,13,.538,2,2,1.000,3,3,1.000,6,4,10,1,2,2,0,1,19,21.8,+21
201712180IND,IND,True,W,30:52,6,8,.750,1,1,1.000,3,3,1.000,0,5,5,4,1,1,2,3,16,15.6,+6
201712200BOS,MIA,False,L,28:06,4,9,.444,0,2,.000,3,4,.750,0,7,7,2,0,1,1,2,11,8.3,+3
201712210NYK,NYK,True,L,34:06,6,10,.600,2,6,.333,3,4,.750,1,2,3,0,2,0,3,1,17,11.9,-6
201712230BOS,CHI,False,W,32:45,6,13,.462,1,3,.333,0,0,,0,7,7,5,1,0,0,2,13,12.1,+23
201712250BOS,WAS,False,L,36:09,7,9,.778,2,2,1.000,4,6,.667,0,3,3,0,0,0,4,3,20,11.4,-8
201712270CHO,CHO,True,W,35:13,6,12,.500,0,3,.000,6,6,1.000,0,5,5,0,2,2,2,3,18,13.7,+10
201712280BOS,HOU,False,W,39:54,5,11,.455,0,3,.000,9,11,.818,0,5,5,1,2,1,0,0,19,17.4,+6
201712310BOS,BRK,False,W,32:43,2,7,.286,1,3,.333,4,6,.667,0,4,4,0,0,0,4,3,9,0.1,-3
201801030BOS,CLE,False,W,30:00,6,14,.429,1,3,.333,2,2,1.000,0,5,5,2,0,0,0,1,15,10.1,+21
201801050BOS,MIN,False,W,30:34,2,7,.286,0,4,.000,0,0,,1,2,3,1,1,0,0,1,4,2.5,-11
201801060BRK,BRK,True,W,32:20,6,15,.400,2,2,1.000,0,0,,2,4,6,0,3,6,1,2,14,13.9,+10
201801110PHI,PHI,True,W,24:22,7,13,.538,1,3,.333,1,2,.500,1,3,4,2,0,0,1,3,16,10.1,-8
201801160BOS,NOP,False,L,26:49,3,6,.500,2,4,.500,2,2,1.000,0,5,5,2,0,1,3,1,10,7.2,-2
201801180BOS,PHI,False,L,36:45,4,11,.364,1,3,.333,2,4,.500,0,4,4,0,2,2,2,3,11,5.5,-2
201801210BOS,ORL,False,L,30:45,4,11,.364,1,4,.250,0,0,,3,7,10,1,1,1,2,2,9,6.7,+3
201801230LAL,LAL,True,L,30:34,1,6,.167,1,3,.333,1,2,.500,0,5,5,0,0,0,3,4,4,-3.3,-4
201801240LAC,LAC,True,W,33:30,7,16,.438,2,4,.500,2,2,1.000,1,5,6,3,1,0,1,2,18,13.1,+6
201801270GSW,GSW,True,L,28:21,2,9,.222,0,3,.000,0,0,,0,5,5,0,1,0,1,1,4,-0.4,+7
201801290DEN,DEN,True,W,32:43,8,13,.615,2,4,.500,2,2,1.000,1,5,6,4,1,1,0,3,20,19.6,+10
201801310BOS,NYK,False,W,30:53,7,15,.467,1,4,.250,0,0,,0,3,3,1,0,0,0,0,15,8.9,+29
201802020BOS,ATL,False,W,31:34,11,19,.579,0,1,.000,5,5,1.000,0,4,4,3,4,0,0,4,27,23.8,+29
201802040BOS,POR,False,W,36:22,6,14,.429,3,5,.600,2,2,1.000,0,2,2,5,0,0,3,2,17,9.9,+2
201802060TOR,TOR,True,L,20:49,2,9,.222,0,1,.000,0,0,,0,1,1,0,0,0,1,0,4,-2.2,-16
201802080WAS,WAS,True,W,36:29,3,9,.333,0,3,.000,5,7,.714,0,2,2,1,2,0,3,2,11,4.6,+13
201802090BOS,IND,False,L,35:38,6,11,.545,0,0,,3,3,1.000,0,3,3,1,0,4,2,2,15,11.3,-6
201802110BOS,CLE,False,L,27:26,4,11,.364,1,2,.500,0,0,,1,1,2,1,1,0,2,3,9,2.4,-18
201802140BOS,LAC,False,L,31:33,4,13,.308,1,4,.250,1,1,1.000,0,4,4,2,0,0,0,2,10,4.3,-1
201802230DET,DET,True,W,20:44,6,9,.667,2,3,.667,1,1,1.000,0,1,1,0,0,1,1,2,15,10.3,-2
201802240NYK,NYK,True,W,26:01,3,9,.333,0,1,.000,5,5,1.000,1,4,5,4,4,1,2,1,11,12.9,+21
201802260BOS,MEM,False,W,26:17,2,8,.250,1,2,.500,0,0,,0,3,3,1,0,1,0,2,5,1.7,-3
201802280BOS,CHO,False,W,20:45,3,6,.500,1,1,1.000,0,0,,0,3,3,0,0,1,1,1,7,4.2,+18
201803030HOU,HOU,True,L,27:41,4,7,.571,2,2,1.000,2,2,1.000,0,4,4,3,0,0,0,1,12,11.6,+2
201803050CHI,CHI,True,W,19:50,5,12,.417,2,6,.333,2,2,1.000,0,5,5,2,0,1,0,2,14,10.4,+25
201803080MIN,MIN,True,W,22:11,4,8,.500,1,4,.250,3,4,.750,1,4,5,0,0,0,1,3,12,7.3,-11
201803110BOS,IND,False,L,34:26,5,11,.455,2,4,.500,7,8,.875,0,5,5,3,1,2,2,3,19,15.7,-4
201803140BOS,WAS,False,L,46:29,9,23,.391,0,2,.000,1,3,.333,0,5,5,6,0,0,2,2,19,8.6,+14
201803160ORL,ORL,True,W,30:19,3,8,.375,1,5,.200,1,2,.500,2,6,8,0,0,1,5,4,8,0.5,+16
201803180NOP,NOP,True,L,27:10,9,14,.643,2,3,.667,3,5,.600,0,5,5,1,2,0,2,3,23,17.0,-10
201803200BOS,OKC,False,W,35:11,8,12,.667,3,6,.500,4,4,1.000,2,9,11,4,1,1,1,3,23,24.2,+23
201803230POR,POR,True,W,31:57,4,11,.364,0,0,,5,6,.833,2,4,6,4,2,0,3,3,13,9.7,+8
201803250SAC,SAC,True,W,27:31,6,10,.600,0,2,.000,0,0,,0,7,7,1,2,0,3,1,12,8.8,+3
201803260PHO,PHO,True,W,32:15,10,18,.556,2,4,.500,1,1,1.000,0,6,6,0,2,0,4,4,23,12.6,+7
201803280UTA,UTA,True,W,32:05,6,15,.400,2,3,.667,2,2,1.000,0,2,2,3,2,2,3,1,16,10.6,0
201803310BOS,TOR,False,W,33:27,9,16,.563,2,2,1.000,4,4,1.000,0,6,6,4,0,0,0,2,24,20.2,+7
201804030MIL,MIL,True,L,32:34,5,13,.385,3,8,.375,7,8,.875,0,2,2,2,3,1,3,0,20,15.2,+11
201804040TOR,TOR,True,L,28:19,4,10,.400,0,2,.000,0,0,,0,4,4,3,1,0,2,1,8,4.5,-11
201804080BOS,ATL,False,L,29:15,8,12,.667,1,1,1.000,2,3,.667,2,2,4,2,4,0,0,5,19,18.8,+6
201804100WAS,WAS,True,L,25:50,3,11,.273,2,3,.667,4,5,.800,0,3,3,2,4,0,2,1,12,9.0,-11
201810160BOS,PHI,False,W,28:56,9,17,.529,1,5,.200,4,5,.800,2,7,9,3,1,0,1,2,23,19.1,+6
201810190TOR,TOR,True,L,36:47,6,16,.375,2,6,.333,2,2,1.000,0,9,9,2,1,1,5,5,16,6.0,-14
201810200NYK,NYK,True,W,35:11,8,15,.533,2,3,.667,6,6,1.000,1,13,14,0,2,0,4,2,24,18.5,+19
201810220BOS,ORL,False,L,34:25,3,12,.250,0,5,.000,1,2,.500,2,8,10,4,0,0,0,2,7,5.2,+2
201810250OKC,OKC,True,W,34:26,8,18,.444,1,3,.333,7,7,1.000,1,5,6,1,1,0,2,4,24,14.9,+14
201810270DET,DET,True,W,28:19,2,9,.222,1,2,.500,1,2,.500,0,3,3,3,0,1,0,1,6,3.4,+5
201810300BOS,DET,False,W,30:06,4,12,.333,1,4,.250,7,8,.875,1,5,6,3,0,0,1,3,16,10.9,+10
201811010BOS,MIL,False,W,31:39,4,9,.444,2,3,.667,2,2,1.000,1,5,6,4,0,0,2,4,12,8.7,+14
201811030IND,IND,True,L,33:17,5,11,.455,4,8,.500,0,0,,1,6,7,3,0,1,3,1,14,10.2,+8
201811050DEN,DEN,True,L,34:42,5,14,.357,1,4,.250,4,4,1.000,1,1,2,4,1,2,2,2,15,10.6,-4
201811080PHO,PHO,True,W,29:40,1,7,.143,0,1,.000,2,2,1.000,4,4,8,2,1,0,1,2,4,4.1,+15
201811090UTA,UTA,True,L,36:13,7,14,.500,2,4,.500,5,6,.833,1,2,3,4,5,0,1,4,21,20.1,0
201811110POR,POR,True,L,34:45,9,18,.500,5,9,.556,4,4,1.000,3,5,8,0,0,2,1,2,27,21.2,-7
201811140BOS,CHI,False,W,26:39,5,14,.357,4,8,.500,0,0,,2,4,6,0,1,0,2,2,14,7.0,+6
201811160BOS,TOR,False,W,37:32,8,13,.615,2,4,.500,3,4,.750,1,6,7,1,2,1,3,4,21,16.0,+8
201811170BOS,UTA,False,L,23:32,5,11,.455,0,2,.000,0,0,,1,6,7,0,0,0,2,0,10,4.8,-13
201811190CHO,CHO,True,L,30:28,8,15,.533,1,4,.250,3,6,.500,1,5,6,2,1,1,0,1,20,16.4,-9
201811210BOS,NYK,False,L,29:00,4,12,.333,1,1,1.000,6,9,.667,3,5,8,0,0,0,0,2,15,9.8,-12
201811230ATL,ATL,True,W,22:56,6,11,.545,2,5,.400,0,0,,1,1,2,2,1,1,0,1,14,12.4,+10
201811240DAL,DAL,True,L,36:24,9,14,.643,3,6,.500,0,0,,0,4,4,3,2,1,2,3,21,17.6,+3
201811260NOP,NOP,True,W,34:51,7,14,.500,2,4,.500,4,4,1.000,2,5,7,1,3,1,1,3,20,18.1,+29
201811300BOS,CLE,False,W,20:26,5,12,.417,1,3,.333,2,2,1.000,1,3,4,0,1,0,0,3,13,8.0,+12
201812010MIN,MIN,True,W,35:19,7,15,.467,3,9,.333,2,2,1.000,0,9,9,2,1,0,2,3,19,13.2,-3
201812060BOS,NYK,False,W,26:01,7,11,.636,3,5,.600,0,0,,1,4,5,2,2,0,1,2,17,15.6,+10
201812080CHI,CHI,True,W,21:18,7,9,.778,4,4,1.000,0,0,,1,2,3,2,0,0,2,0,18,15.2,+25
201812100BOS,NOP,False,W,33:25,10,16,.625,1,5,.200,0,0,,1,5,6,1,0,1,2,1,21,15.0,+13
201812120WAS,WAS,True,W,39:49,6,16,.375,0,4,.000,0,0,,0,12,12,0,1,0,0,0,12,7.8,+6
201812140BOS,ATL,False,W,28:33,8,14,.571,2,5,.400,4,5,.800,2,1,3,0,2,1,4,3,22,14.2,+21
201812150DET,DET,True,L,29:58,6,15,.400,0,3,.000,5,6,.833,2,6,8,2,1,1,1,2,17,13.0,-6
201812190BOS,PHO,False,L,35:30,7,17,.412,2,5,.400,2,2,1.000,0,8,8,0,1,4,2,2,18,12.3,+5
201812210BOS,MIL,False,L,31:48,5,15,.333,3,7,.429,7,8,.875,0,5,5,2,2,1,2,4,20,13.1,-7
201812230BOS,CHO,False,W,23:15,6,13,.462,3,8,.375,2,3,.667,0,4,4,1,0,0,2,0,17,9.8,+17
201812250BOS,PHI,False,W,38:10,7,18,.389,1,7,.143,8,9,.889,0,10,10,1,2,2,1,3,23,17.7,+22
201812270HOU,HOU,True,L,28:54,2,7,.286,0,1,.000,0,0,,0,3,3,2,1,0,1,3,4,1.0,-12
201812290MEM,MEM,True,W,29:29,3,6,.500,1,1,1.000,0,0,,1,7,8,5,4,1,2,2,7,12.2,+9
201812310SAS,SAS,True,L,35:06,6,14,.429,0,5,.000,0,0,,2,9,11,1,0,2,2,3,12,7.6,-4
201901020BOS,MIN,False,W,31:29,3,11,.273,0,3,.000,2,2,1.000,0,3,3,4,0,1,1,0,8,4.9,+22
201901040BOS,DAL,False,W,31:13,7,21,.333,4,11,.364,0,0,,1,5,6,0,1,0,2,2,18,6.5,+3
201901070BOS,BRK,False,W,26:57,5,12,.417,2,6,.333,4,4,1.000,0,4,4,4,2,0,0,1,16,15.2,+17
201901090BOS,IND,False,W,25:15,9,15,.600,2,5,.400,0,0,,0,4,4,0,1,0,1,1,20,13.9,+17
201901100MIA,MIA,True,L,31:38,4,11,.364,2,4,.500,7,7,1.000,0,4,4,1,0,1,1,2,17,11.7,-11
201901120ORL,ORL,True,L,28:03,6,16,.375,1,4,.250,3,4,.750,2,4,6,1,1,1,2,4,16,8.2,+8
201901140BRK,BRK,True,L,35:37,12,19,.632,3,5,.600,7,11,.636,0,5,5,3,1,3,0,3,34,29.4,-13
201901160BOS,TOR,False,W,31:15,6,16,.375,1,3,.333,3,3,1.000,3,7,10,2,0,1,1,2,16,11.7,+4
201901180BOS,MEM,False,W,28:50,0,6,.000,0,2,.000,2,2,1.000,1,5,6,4,0,1,2,1,2,1.1,-6
201901190ATL,ATL,True,W,34:36,7,13,.538,0,0,,5,5,1.000,1,4,5,2,1,3,1,1,19,17.7,+2
201901210BOS,MIA,False,W,31:03,8,13,.615,3,3,1.000,0,0,,0,6,6,1,0,0,4,2,19,10.8,+18
201901230BOS,CLE,False,W,30:55,7,16,.438,0,0,,1,1,1.000,0,2,2,3,3,0,3,2,15,8.5,+6
201901260BOS,GSW,False,L,31:20,7,15,.467,3,5,.600,3,3,1.000,0,5,5,3,0,1,0,1,20,16.2,+4
201901280BOS,BRK,False,W,30:26,3,9,.333,0,1,.000,0,0,,2,4,6,1,1,2,2,1,6,4.2,+7
201901300BOS,CHO,False,W,27:04,9,15,.600,2,5,.400,0,0,,1,4,5,1,0,1,0,1,20,16.0,+26
201902010NYK,NYK,True,W,25:38,6,15,.400,1,6,.167,0,0,,1,4,5,3,0,1,0,4,13,8.0,+12
201902030BOS,OKC,False,W,30:35,4,8,.500,0,2,.000,3,4,.750,0,7,7,2,2,2,0,3,11,12.3,+12
201902050CLE,CLE,True,W,34:18,6,13,.462,1,3,.333,12,12,1.000,1,6,7,2,1,3,1,0,25,24.3,+5
201902070BOS,LAL,False,L,36:27,9,14,.643,1,1,1.000,3,3,1.000,1,9,10,5,1,0,0,2,22,22.9,-2
201902090BOS,LAC,False,L,29:21,4,12,.333,1,2,.500,7,10,.700,2,6,8,0,1,0,4,6,16,5.8,-12
201902120PHI,PHI,True,W,34:50,7,15,.467,1,1,1.000,5,5,1.000,0,10,10,1,2,2,1,5,20,16.4,0
201902130BOS,DET,False,W,33:47,8,18,.444,3,8,.375,0,0,,1,3,4,4,2,0,3,2,19,12.2,+13
201902210MIL,MIL,True,L,34:14,7,13,.538,1,2,.500,2,2,1.000,1,9,10,1,2,1,1,1,17,16.1,+7
201902230CHI,CHI,True,L,31:28,5,9,.556,1,1,1.000,1,1,1.000,0,1,1,1,1,1,1,2,12,8.6,-6
201902260TOR,TOR,True,L,24:24,5,10,.500,1,3,.333,0,0,,2,5,7,1,0,0,2,3,11,6.4,-8
201902270BOS,POR,False,L,35:04,6,11,.545,0,2,.000,2,2,1.000,0,4,4,0,1,0,4,2,14,6.1,-14
201903010BOS,WAS,False,W,31:18,4,13,.308,0,5,.000,2,2,1.000,2,6,8,3,5,0,4,2,10,8.0,+20
201903030BOS,HOU,False,L,35:04,5,15,.333,1,4,.250,1,2,.500,0,5,5,2,1,0,0,4,12,5.4,-3
201903050GSW,GSW,True,W,27:06,6,13,.462,1,3,.333,4,4,1.000,0,5,5,1,3,2,1,2,17,15.1,+4
201903060SAC,SAC,True,W,33:19,8,17,.471,2,4,.500,6,6,1.000,0,3,3,2,1,0,2,0,24,16.6,+11
201903090LAL,LAL,True,W,26:43,2,7,.286,0,2,.000,2,2,1.000,0,5,5,5,1,0,3,3,6,3.7,+1
201903140BOS,SAC,False,W,29:13,7,10,.700,0,2,.000,1,1,1.000,0,4,4,3,0,0,2,4,15,10.5,-5
201903160BOS,ATL,False,W,32:36,7,15,.467,0,2,.000,4,4,1.000,1,7,8,4,1,0,2,1,18,14.5,0
201903180BOS,DEN,False,L,36:22,3,12,.250,1,5,.200,1,2,.500,0,7,7,6,1,1,1,1,8,7.0,-9
201903200PHI,PHI,True,L,33:03,6,12,.500,1,2,.500,0,0,,1,5,6,4,0,1,1,3,13,10.5,-17
201903230CHO,CHO,True,L,36:52,5,17,.294,2,7,.286,0,0,,1,5,6,4,0,1,1,1,12,6.4,-19
201903260CLE,CLE,True,W,33:45,9,17,.529,3,5,.600,0,0,,2,3,5,4,1,0,1,4,21,16.2,+17
201903290BOS,IND,False,W,23:44,3,6,.500,3,3,1.000,2,4,.500,0,5,5,4,0,0,4,2,11,6.7,+16
201903300BRK,BRK,True,L,30:21,4,9,.444,1,1,1.000,0,0,,1,1,2,3,1,0,2,4,9,4.8,-12
201904010BOS,MIA,False,W,33:31,7,15,.467,4,7,.571,1,2,.500,1,5,6,5,1,0,0,0,19,17.6,+15
201904030MIA,MIA,True,W,39:00,6,17,.353,1,3,.333,3,4,.750,0,7,7,3,1,1,3,0,16,9.0,+16
201904050IND,IND,True,W,34:05,9,19,.474,1,5,.200,3,4,.750,1,6,7,2,3,1,1,2,22,17.7,+15
201904070BOS,ORL,False,L,6:00,0,2,.000,0,0,,0,0,,0,1,1,0,0,0,0,0,0,-1.1,+1
201910230PHI,PHI,True,L,37:13,8,22,.364,4,8,.500,1,3,.333,1,9,10,2,2,0,4,2,21,10.0,-4
201910250BOS,TOR,False,W,35:10,8,22,.364,4,7,.571,5,5,1.000,3,6,9,4,3,0,0,0,25,22.5,+9
201910260NYK,NYK,True,W,33:32,5,17,.294,2,7,.286,3,4,.750,2,7,9,0,3,2,2,3,15,9.4,+20
201910300BOS,MIL,False,W,38:35,10,22,.455,4,7,.571,1,2,.500,1,3,4,2,0,1,1,5,25,13.9,+16
201911010BOS,NYK,False,W,33:46,9,17,.529,4,8,.500,2,2,1.000,1,5,6,3,0,0,2,4,24,16.4,+12
201911050CLE,CLE,True,W,34:25,9,16,.563,0,5,.000,0,0,,0,7,7,1,1,2,4,1,18,11.2,+9
201911070CHO,CHO,True,W,28:53,8,17,.471,4,6,.667,3,4,.750,2,7,9,1,2,1,1,0,23,19.8,+13
201911090SAS,SAS,True,W,33:55,6,13,.462,2,6,.333,5,6,.833,1,6,7,4,3,0,2,3,19,17.0,+23
201911110BOS,DAL,False,W,34:54,1,18,.056,0,3,.000,3,4,.750,3,5,8,4,1,0,1,3,5,-2.4,+16
201911130BOS,WAS,False,W,34:32,9,20,.450,1,5,.200,4,4,1.000,2,1,3,4,0,0,1,3,23,14.9,+14
201911150GSW,GSW,True,W,37:54,8,23,.348,2,7,.286,6,7,.857,3,5,8,1,3,0,2,3,24,14.8,+6
201911170SAC,SAC,True,L,30:15,6,13,.462,1,4,.250,1,1,1.000,0,6,6,2,0,1,1,0,14,10.2,+12
201911180PHO,PHO,True,W,27:01,8,16,.500,3,9,.333,7,9,.778,2,9,11,3,1,0,4,3,26,19.2,+8
201911200LAC,LAC,True,L,40:34,12,24,.500,5,10,.500,1,2,.500,0,6,6,3,2,2,3,4,30,20.3,-6
201911220DEN,DEN,True,L,32:10,6,16,.375,0,5,.000,4,5,.800,0,2,2,3,0,1,0,1,16,9.8,-23
201911250BOS,SAC,False,W,34:28,7,18,.389,0,3,.000,6,7,.857,1,5,6,3,0,0,3,4,20,9.5,+4
201911270BOS,BRK,False,W,35:09,5,17,.294,0,4,.000,6,6,1.000,3,6,9,5,1,0,3,2,16,10.7,+11
201911290BRK,BRK,True,L,37:03,10,19,.526,4,8,.500,2,2,1.000,1,8,9,0,4,0,6,0,26,17.8,+13
201912010NYK,NYK,True,W,37:24,10,23,.435,5,11,.455,5,6,.833,0,6,6,7,2,2,1,4,30,25.0,+11
201912040BOS,MIA,False,W,33:58,6,19,.316,2,12,.167,5,6,.833,1,4,5,3,1,3,3,2,19,11.0,+31
201912060BOS,DEN,False,W,29:53,10,19,.526,4,8,.500,2,2,1.000,0,7,7,5,1,0,1,1,26,21.9,+14
201912090BOS,CLE,False,W,29:38,7,14,.500,4,6,.667,1,2,.500,0,11,11,2,2,2,4,1,19,15.3,+24
201912110IND,IND,True,L,37:05,4,13,.308,2,8,.250,6,6,1.000,0,6,6,3,2,0,3,2,16,10.6,-8
201912120BOS,PHI,False,L,33:52,5,18,.278,3,8,.375,2,2,1.000,1,2,3,4,0,1,1,4,15,6.6,-2
201912180DAL,DAL,True,W,36:34,10,23,.435,2,10,.200,2,3,.667,2,6,8,1,0,1,3,3,24,11.9,-2
201912200BOS,DET,False,W,27:15,10,17,.588,2,7,.286,4,4,1.000,0,5,5,3,2,0,0,1,26,23.3,+10
201912220BOS,CHO,False,W,35:51,15,29,.517,4,9,.444,5,5,1.000,1,11,12,2,1,3,2,1,39,30.8,+10
201912250TOR,TOR,True,W,34:47,5,18,.278,1,3,.333,0,0,,4,5,9,6,2,0,3,4,11,6.3,+21
201912270BOS,CLE,False,W,32:27,11,20,.550,5,10,.500,3,3,1.000,1,4,5,2,0,2,1,1,30,23.7,+19
201912280BOS,TOR,False,L,35:55,3,7,.429,0,2,.000,6,8,.750,0,3,3,4,1,0,6,3,12,5.0,+3
201912310CHO,CHO,True,W,36:15,10,18,.556,4,7,.571,0,0,,2,5,7,1,3,1,3,0,24,19.7,+15
202001030BOS,ATL,False,W,36:51,2,16,.125,0,2,.000,9,10,.900,1,8,9,3,0,0,1,1,13,6.0,-4
202001040CHI,CHI,True,W,35:54,12,15,.800,2,4,.500,2,2,1.000,0,7,7,2,2,2,3,1,28,25.8,-9
202001060WAS,WAS,True,L,30:33,8,20,.400,1,4,.250,0,0,,0,1,1,2,0,2,0,2,17,8.5,-6
202001080BOS,SAS,False,L,31:28,5,16,.313,0,5,.000,4,4,1.000,0,6,6,3,1,0,3,2,14,5.9,-19
202001090PHI,PHI,True,L,35:48,4,13,.308,1,5,.200,6,6,1.000,0,10,10,4,2,1,4,2,15,11.2,-11
202001110BOS,NOP,False,W,30:23,16,22,.727,6,9,.667,3,3,1.000,0,6,6,4,3,0,0,1,41,39.2,+30
202001130BOS,CHI,False,W,29:43,7,17,.412,2,7,.286,5,7,.714,0,6,6,2,1,2,1,1,21,15.3,-2
202001160MIL,MIL,True,L,40:20,8,20,.400,1,5,.200,0,2,.000,0,7,7,3,0,1,2,2,17,7.5,+5
202001180BOS,PHO,False,L,39:13,10,20,.500,2,7,.286,4,5,.800,1,9,10,2,3,1,4,3,26,18.9,-3
202001200BOS,LAL,False,W,28:59,10,18,.556,5,8,.625,2,3,.667,1,4,5,3,1,0,0,3,27,21.8,+32
202001220BOS,MEM,False,W,26:08,9,18,.500,3,7,.429,2,2,1.000,1,6,7,4,2,1,1,0,23,21.0,+25
202001300BOS,GSW,False,W,23:52,7,14,.500,1,5,.200,5,6,.833,1,5,6,2,1,1,2,2,20,15.1,+12
202002010BOS,PHI,False,W,28:36,7,19,.368,3,6,.500,8,10,.800,1,2,3,4,1,1,0,2,25,18.7,+21
202002030ATL,ATL,True,W,35:15,10,20,.500,5,9,.556,3,3,1.000,0,7,7,3,1,0,1,0,28,22.2,+19
202002050BOS,ORL,False,W,38:37,11,24,.458,5,11,.455,6,7,.857,0,8,8,5,3,2,2,3,33,27.3,+12
202002070BOS,ATL,False,W,37:51,10,19,.526,7,12,.583,5,6,.833,3,1,4,6,0,2,5,3,32,24.1,+6
202002090OKC,OKC,True,W,34:45,10,19,.526,4,7,.571,2,4,.500,3,8,11,1,0,1,4,3,26,16.6,0
202002110HOU,HOU,True,L,34:31,5,15,.333,0,7,.000,5,9,.556,1,8,9,4,4,1,1,3,15,13.3,-10
202002130BOS,LAC,False,W,47:53,14,23,.609,5,10,.500,6,10,.600,0,9,9,1,1,1,4,4,39,26.4,+4
202002210MIN,MIN,True,W,35:32,8,21,.381,4,10,.400,8,8,1.000,2,9,11,3,1,1,2,1,28,22.0,0
202002230LAL,LAL,True,L,36:33,12,20,.600,4,7,.571,13,15,.867,1,4,5,2,1,2,2,3,41,33.5,+6
202002250POR,POR,True,W,34:26,14,22,.636,8,12,.667,0,0,,0,4,4,1,0,2,2,1,36,27.1,+22
202002260UTA,UTA,True,W,38:25,13,20,.650,3,5,.600,4,5,.800,0,11,11,3,0,0,2,0,33,27.2,+8
202002290BOS,HOU,False,L,44:34,9,27,.333,4,12,.333,10,14,.714,2,11,13,5,2,2,5,2,32,20.9,-5
202003040CLE,CLE,True,W,39:40,11,24,.458,5,10,.500,5,7,.714,0,9,9,6,2,1,4,1,32,24.0,+7
202003060BOS,UTA,False,L,32:58,7,19,.368,2,5,.400,2,4,.500,0,7,7,3,2,0,3,2,18,9.1,+12
202003080BOS,OKC,False,L,38:06,8,22,.364,3,7,.429,0,1,.000,0,5,5,3,2,1,3,4,19,8.1,-16
202003100IND,IND,True,W,35:54,11,22,.500,3,9,.333,5,6,.833,1,5,6,2,4,0,0,1,30,25.8,+5
202007310MIL,MIL,True,L,32:27,2,18,.111,0,4,.000,1,2,.500,4,3,7,3,2,1,2,3,5,-1.9,-13
202008020BOS,POR,False,W,39:33,11,22,.500,5,8,.625,7,9,.778,0,4,4,8,2,1,2,1,34,29.3,+6
202008040MIA,MIA,True,L,33:10,6,11,.545,2,5,.400,9,9,1.000,1,6,7,1,1,1,4,5,23,16.6,+1
202008050BOS,BRK,False,W,18:25,7,11,.636,5,8,.625,0,0,,0,2,2,2,1,0,3,3,19,12.9,+8
202008070TOR,TOR,True,W,27:59,7,14,.500,2,7,.286,2,3,.667,0,7,7,4,2,0,3,0,18,14.5,+34
202008090BOS,ORL,False,W,41:32,10,24,.417,4,12,.333,5,6,.833,1,8,9,6,1,1,4,2,29,20.0,+14
202008110MEM,MEM,True,W,28:47,10,13,.769,4,5,.800,5,5,1.000,1,5,6,2,1,0,5,1,29,23.1,+11
202012230BOS,MIL,False,W,32:49,12,28,.429,6,13,.462,0,0,,0,7,7,2,2,1,2,2,30,18.6,-6
202012250BOS,BRK,False,L,36:07,9,22,.409,2,6,.333,0,0,,1,7,8,2,1,1,3,1,20,10.7,-21
202012270IND,IND,True,L,35:47,9,21,.429,3,9,.333,4,4,1.000,0,11,11,5,0,1,5,1,25,16.0,-6
202012290IND,IND,True,W,40:27,9,17,.529,1,3,.333,8,10,.800,0,11,11,4,3,0,4,1,27,22.6,+19
202012300BOS,MEM,False,W,23:14,6,12,.500,3,5,.600,1,1,1.000,0,4,4,3,1,0,0,0,16,14.3,+29
202101010DET,DET,True,L,37:04,11,24,.458,3,11,.273,3,5,.600,0,6,6,2,1,1,3,1,28,16.3,+4
202101030DET,DET,True,W,36:40,10,22,.455,4,8,.500,0,0,,2,6,8,12,0,2,0,1,24,25.2,+2
202101040TOR,TOR,True,W,31:41,11,19,.579,5,8,.625,13,13,1.000,0,6,6,2,0,2,1,5,40,32.7,+24
202101060MIA,MIA,True,W,37:32,10,21,.476,5,8,.625,2,2,1.000,0,5,5,4,1,0,2,4,27,18.0,+7
202101080BOS,WAS,False,W,35:06,14,27,.519,3,9,.333,1,1,1.000,1,4,5,2,1,0,4,2,32,18.2,-6
202101250CHI,CHI,True,W,31:18,10,21,.476,3,6,.500,1,2,.500,0,4,4,5,0,1,2,2,24,15.5,+15
202101270SAS,SAS,True,L,34:05,11,25,.440,0,3,.000,3,4,.750,3,4,7,2,4,0,3,1,25,16.8,+11
202101300BOS,LAL,False,L,39:47,12,18,.667,2,3,.667,4,6,.667,0,9,9,3,2,0,4,1,30,23.8,0
202102020GSW,GSW,True,W,38:25,9,19,.474,4,10,.400,5,6,.833,0,9,9,3,0,0,4,2,27,16.9,+13
202102030SAC,SAC,True,L,38:54,11,26,.423,2,10,.200,3,3,1.000,1,8,9,10,2,0,4,2,27,20.5,+6
202102050LAC,LAC,True,W,40:22,12,27,.444,5,10,.500,5,6,.833,1,6,7,2,4,0,2,2,34,24.6,+8
202102070PHO,PHO,True,L,35:04,8,22,.364,3,7,.429,4,4,1.000,0,4,4,7,1,0,0,0,23,17.9,-12
202102090UTA,UTA,True,L,37:54,7,20,.350,1,4,.250,8,8,1.000,1,3,4,4,0,0,0,1,23,15.8,-21
202102110BOS,TOR,False,W,36:01,5,13,.385,1,3,.333,6,6,1.000,0,6,6,9,2,0,2,3,17,16.8,+23
202102120BOS,DET,False,L,40:35,9,22,.409,3,7,.429,12,13,.923,0,11,11,7,0,0,2,3,33,25.8,+9
202102140WAS,WAS,True,L,23:21,3,14,.214,0,2,.000,0,1,.000,2,6,8,4,1,0,2,4,6,0.4,-20
202102160BOS,DEN,False,W,32:45,6,18,.333,1,8,.125,8,8,1.000,1,5,6,8,1,0,4,3,21,14.4,+8
202102170BOS,ATL,False,L,34:53,11,21,.524,3,9,.333,10,11,.909,0,6,6,6,2,0,3,1,35,28.9,-5
202102190BOS,ATL,False,W,37:18,10,21,.476,3,8,.375,2,2,1.000,1,7,8,6,1,3,6,2,25,17.6,-1
202102210NOP,NOP,True,L,41:00,10,24,.417,3,7,.429,9,13,.692,1,8,9,2,2,0,1,4,32,21.5,+3
202102230DAL,DAL,True,L,35:36,10,23,.435,3,10,.300,5,6,.833,0,6,6,4,1,2,4,2,28,17.7,-6
202102240ATL,ATL,True,L,31:49,4,20,.200,1,8,.125,4,4,1.000,1,0,1,1,2,0,1,1,13,2.6,-15
202102260BOS,IND,False,W,38:29,4,18,.222,1,4,.250,0,0,,1,8,9,4,0,1,1,0,9,3.6,-7
202102280BOS,WAS,False,W,38:41,12,22,.545,3,10,.300,4,4,1.000,0,8,8,3,3,0,4,4,31,22.3,+13
202103020BOS,LAC,False,W,39:42,5,16,.313,1,5,.200,3,3,1.000,0,5,5,5,2,0,3,1,14,8.4,-3
202103040BOS,TOR,False,W,37:20,9,15,.600,3,6,.500,6,10,.600,1,11,12,5,2,0,3,3,27,23.8,+20
202103110BRK,BRK,True,L,35:31,13,22,.591,3,7,.429,2,2,1.000,0,5,5,3,1,0,2,1,31,23.0,+1
202103140HOU,HOU,True,W,28:22,9,17,.529,3,5,.600,2,2,1.000,1,5,6,6,1,0,2,3,23,18.9,+17
202103160BOS,UTA,False,L,36:55,12,24,.500,4,7,.571,1,2,.500,3,3,6,3,3,0,3,3,29,20.5,+13
202103170CLE,CLE,True,L,37:08,11,24,.458,3,13,.231,4,5,.800,0,5,5,3,2,1,1,3,29,20.3,-8
202103190BOS,SAC,False,L,36:27,6,16,.375,2,5,.400,1,2,.500,3,4,7,3,0,0,4,2,15,6.4,-11
202103210BOS,ORL,False,W,28:41,7,13,.538,5,8,.625,4,4,1.000,1,3,4,4,0,0,2,0,23,19.1,+7
202103240MIL,MIL,True,L,37:52,7,19,.368,1,6,.167,3,3,1.000,1,7,8,5,1,2,2,1,18,13.8,+5
202103260MIL,MIL,True,W,32:38,13,18,.722,4,7,.571,4,4,1.000,0,6,6,7,1,1,2,3,34,31.8,+9
202103270OKC,OKC,True,W,38:03,11,27,.407,4,12,.333,1,1,1.000,0,5,5,3,1,0,1,1,27,15.7,+8
202103290BOS,NOP,False,L,40:07,12,25,.480,5,9,.556,5,6,.833,3,6,9,5,2,0,1,2,34,28.5,-1
202103310BOS,DAL,False,L,38:04,10,24,.417,1,8,.125,4,4,1.000,2,7,9,3,3,0,3,2,25,17.0,-19
202104020BOS,HOU,False,W,31:42,9,17,.529,5,11,.455,3,3,1.000,0,9,9,0,0,1,4,1,26,16.7,+19
202104040BOS,CHO,False,W,27:58,8,15,.533,3,9,.333,3,4,.750,0,8,8,4,0,0,0,2,22,18.7,+16
202104060BOS,PHI,False,L,35:08,7,17,.412,3,10,.300,3,3,1.000,0,4,4,4,1,0,3,1,20,12.5,-12
202104070BOS,NYK,False,W,41:38,10,21,.476,3,9,.333,2,2,1.000,0,10,10,5,1,0,8,0,25,13.8,+6
202104090BOS,MIN,False,W,41:00,16,25,.640,6,10,.600,15,16,.938,1,9,10,4,0,1,5,3,53,42.2,+5
202104110DEN,DEN,True,W,33:25,9,23,.391,2,7,.286,8,8,1.000,1,9,10,2,1,0,2,2,28,18.5,+3
202104130POR,POR,True,W,38:02,10,17,.588,4,7,.571,8,10,.800,1,8,9,5,1,1,3,2,32,27.8,-1
202104150LAL,LAL,True,W,27:47,6,14,.429,2,5,.400,0,0,,0,5,5,5,0,0,0,0,14,11.6,+14
202104170BOS,GSW,False,W,39:50,16,25,.640,5,9,.556,7,8,.875,0,10,10,3,2,0,2,2,44,36.8,+12
202104190BOS,CHI,False,L,37:00,3,17,.176,1,4,.250,7,8,.875,0,13,13,10,0,0,4,1,14,9.4,-3
202104220BOS,PHO,False,W,33:58,3,17,.176,1,8,.125,8,8,1.000,0,11,11,6,1,0,5,0,15,7.8,+13
202104230BRK,BRK,True,L,39:23,14,27,.519,6,12,.500,4,7,.571,2,8,10,4,0,0,5,3,38,23.9,+1
202104250CHO,CHO,True,L,32:15,6,16,.375,1,5,.200,6,7,.857,4,7,11,2,1,0,5,3,19,10.9,-28
202104280BOS,CHO,False,W,40:41,12,23,.522,4,10,.400,7,8,.875,1,7,8,8,1,0,3,3,35,28.5,+7
202104300BOS,SAS,False,W,45:20,20,37,.541,5,7,.714,15,17,.882,2,6,8,5,0,1,0,2,60,47.9,+6
202105020BOS,POR,False,L,36:54,11,19,.579,4,5,.800,7,7,1.000,0,2,2,5,0,1,6,2,33,22.1,-15
202105050ORL,ORL,True,W,30:52,10,22,.455,4,12,.333,3,3,1.000,1,6,7,3,2,2,0,2,27,22.8,+28
202105070CHI,CHI,True,L,38:01,3,15,.200,0,7,.000,3,4,.750,2,4,6,3,2,0,3,0,9,3.0,-22
202105090BOS,MIA,False,L,38:22,11,16,.688,2,6,.333,5,6,.833,0,5,5,6,1,2,3,3,29,25.7,-14
202105110BOS,MIA,False,L,39:01,12,21,.571,5,8,.625,4,6,.667,0,8,8,6,1,1,4,5,33,24.6,+4
202105120CLE,CLE,True,L,35:03,11,26,.423,1,6,.167,6,8,.750,1,7,8,1,2,2,2,3,29,18.1,-5
202105150MIN,MIN,True,W,26:44,8,21,.381,4,11,.364,6,6,1.000,2,9,11,2,1,0,2,1,26,18.6,+21
202110200NYK,NYK,True,L,44:37,7,30,.233,2,15,.133,4,5,.800,4,7,11,4,1,1,3,2,20,7.0,-3
202110220BOS,TOR,False,L,30:20,8,14,.571,2,4,.500,0,1,.000,0,6,6,4,0,2,5,3,18,10.8,-12
202110240HOU,HOU,True,W,36:54,12,24,.500,4,11,.364,3,4,.750,0,9,9,2,1,1,1,4,31,21.8,+4
202110250CHO,CHO,True,W,41:28,14,28,.500,6,12,.500,7,7,1.000,1,6,7,8,0,1,2,3,41,32.6,+22
202110270BOS,WAS,False,L,35:40,9,22,.409,1,8,.125,4,8,.500,1,6,7,2,0,0,2,2,23,10.7,-8
202110300WAS,WAS,True,L,45:49,10,32,.313,0,5,.000,7,7,1.000,2,13,15,3,2,1,4,5,27,12.7,+2
202111010BOS,CHI,False,L,36:15,8,22,.364,1,4,.250,3,4,.750,1,3,4,3,2,0,1,3,20,10.9,-24
202111030ORL,ORL,True,W,33:55,4,16,.250,1,6,.167,5,8,.625,0,6,6,3,1,2,2,1,14,7.1,+12
202111040MIA,MIA,True,W,29:24,3,13,.231,2,5,.400,2,3,.667,0,8,8,2,1,0,1,4,10,3.9,+10
202111060DAL,DAL,True,L,38:27,12,19,.632,6,8,.750,2,2,1.000,1,10,11,2,2,1,4,4,32,25.7,+5
202111100BOS,TOR,False,W,36:33,8,24,.333,3,7,.429,3,4,.750,1,10,11,7,1,0,2,3,22,14.4,+18
202111120BOS,MIL,False,W,41:36,10,25,.400,5,13,.385,2,4,.500,2,9,11,1,0,2,3,1,27,15.5,+11
202111130CLE,CLE,True,L,35:22,8,22,.364,1,8,.125,4,5,.800,0,4,4,2,0,0,6,1,21,4.6,+12
202111150CLE,CLE,True,W,35:40,7,20,.350,2,8,.250,7,7,1.000,1,7,8,5,1,2,2,2,23,17.7,+4
202111170ATL,ATL,True,L,37:46,12,22,.545,5,12,.417,5,6,.833,3,6,9,5,1,1,4,2,34,27.3,-7
202111190BOS,LAL,False,W,33:31,13,26,.500,4,9,.444,7,7,1.000,1,10,11,2,3,1,1,3,37,30.6,+10
202111200BOS,OKC,False,W,33:46,11,22,.500,6,12,.500,5,7,.714,0,8,8,5,0,1,1,2,33,26.0,+22
202111220BOS,HOU,False,W,33:42,10,22,.455,1,9,.111,9,9,1.000,0,6,6,3,1,0,1,3,30,21.3,+23
202111240BOS,BRK,False,L,30:19,4,16,.250,1,9,.111,6,8,.750,4,4,8,3,1,1,5,2,15,6.6,-33
202111260SAS,SAS,True,L,40:04,9,23,.391,2,7,.286,4,5,.800,3,9,12,2,1,0,2,3,24,15.1,-13
202111280TOR,TOR,True,W,37:43,2,16,.125,1,5,.200,3,4,.750,0,7,7,10,1,0,4,2,8,2.5,+13
202112010BOS,PHI,False,W,36:56,9,20,.450,3,8,.375,5,5,1.000,0,16,16,2,1,0,2,2,26,20.0,+5
202112030UTA,UTA,True,L,38:09,12,25,.480,2,11,.182,11,11,1.000,1,5,6,5,0,1,0,1,37,30.3,-5
202112040POR,POR,True,W,30:51,9,17,.529,4,6,.667,9,10,.900,0,10,10,4,0,0,2,1,31,25.7,+17
202112070LAL,LAL,True,L,33:58,13,22,.591,5,7,.714,3,5,.600,2,6,8,3,1,1,5,2,34,24.2,-8
202112080LAC,LAC,True,L,36:28,9,20,.450,2,7,.286,9,10,.900,1,9,10,2,2,1,6,4,29,18.1,-4
202112100PHO,PHO,True,L,33:35,10,25,.400,1,7,.143,3,6,.500,2,5,7,3,0,1,4,2,24,10.2,-9
202112130BOS,MIL,False,W,38:04,16,25,.640,7,13,.538,3,5,.600,1,4,5,4,3,0,3,1,42,34.4,+21
202112170BOS,GSW,False,L,41:57,9,19,.474,3,10,.300,6,6,1.000,0,8,8,6,1,0,1,1,27,23.5,+3
202112180BOS,NYK,False,W,36:27,9,24,.375,3,13,.231,4,4,1.000,2,7,9,2,0,0,3,4,25,12.1,-4
202112200BOS,PHI,False,L,38:54,5,14,.357,0,3,.000,7,9,.778,1,8,9,6,2,2,6,3,17,11.9,-5
202112220BOS,CLE,False,W,36:28,6,19,.316,2,8,.250,4,4,1.000,1,8,9,5,2,1,2,5,18,12.4,+19
202112250MIL,MIL,True,L,39:48,7,20,.350,4,10,.400,7,8,.875,1,8,9,4,2,2,4,3,25,17.5,-7
202201050BOS,SAS,False,L,37:30,6,20,.300,1,6,.167,6,6,1.000,3,5,8,3,0,2,0,1,19,14.1,-9
202201060NYK,NYK,True,L,39:51,12,21,.571,6,11,.545,6,6,1.000,1,5,6,9,2,1,2,3,36,34.1,+8
202201080BOS,NYK,False,W,29:26,6,14,.429,3,8,.375,4,4,1.000,0,3,3,1,1,0,2,0,19,12.2,+10
202201100BOS,IND,False,W,42:12,7,21,.333,0,7,.000,10,11,.909,1,11,12,1,0,0,8,4,24,6.8,+12
202201120IND,IND,True,W,37:02,11,19,.579,4,9,.444,7,8,.875,0,7,7,4,2,2,4,1,33,27.6,+19
202201140PHI,PHI,True,L,32:14,7,17,.412,2,7,.286,4,4,1.000,1,10,11,5,0,0,7,3,20,9.9,-4
202201150BOS,CHI,False,W,40:17,8,24,.333,1,5,.200,6,6,1.000,4,8,12,4,0,2,4,2,23,14.0,+11
202201170BOS,NOP,False,W,37:44,9,18,.500,0,4,.000,9,11,.818,1,7,8,3,1,0,2,1,27,20.7,+12
202201190BOS,CHO,False,L,35:18,5,19,.263,0,7,.000,2,3,.667,1,5,6,3,1,0,3,5,12,0.6,-7
202201210BOS,POR,False,L,40:44,8,19,.421,0,6,.000,11,14,.786,1,9,10,7,0,0,4,4,27,18.4,+2
202201230WAS,WAS,True,W,32:52,18,28,.643,9,14,.643,6,6,1.000,2,8,10,7,0,0,1,1,51,45.9,+31
202201250BOS,SAC,False,W,31:03,14,23,.609,7,14,.500,1,2,.500,2,2,4,6,0,1,2,2,36,29.2,+36
202201280ATL,ATL,True,L,35:45,5,17,.294,2,8,.250,8,8,1.000,1,5,6,4,1,2,5,3,20,11.3,-10
202201290NOP,NOP,True,W,37:27,17,26,.654,4,13,.308,0,0,,0,8,8,7,3,0,2,3,38,33.7,+21
202201310BOS,MIA,False,W,31:16,7,15,.467,3,7,.429,3,5,.600,1,11,12,5,0,0,2,1,20,16.6,+30
202202020BOS,CHO,False,W,32:45,6,16,.375,1,7,.143,6,6,1.000,0,6,6,9,2,0,3,4,19,15.7,+9
202202040DET,DET,True,W,28:08,9,21,.429,4,9,.444,2,3,.667,1,8,9,1,1,0,2,0,24,15.3,+14
202202060ORL,ORL,True,W,35:24,6,18,.333,2,8,.250,1,2,.500,4,5,9,7,1,0,4,1,15,10.2,+32
202202080BRK,BRK,True,W,27:04,7,11,.636,2,6,.333,3,4,.750,0,5,5,4,1,0,0,0,19,19.0,+32
202202110BOS,DEN,False,W,36:53,8,19,.421,1,8,.125,7,8,.875,2,4,6,5,3,0,2,1,24,20.2,+10
202202130BOS,ATL,False,W,40:06,13,27,.481,4,10,.400,8,9,.889,2,8,10,3,1,2,2,3,38,29.0,+11
202202150PHI,PHI,True,W,29:36,9,17,.529,4,8,.500,6,6,1.000,2,10,12,6,0,2,0,3,28,28.5,+34
202202160BOS,DET,False,L,39:07,7,15,.467,2,6,.333,6,6,1.000,0,4,4,5,1,0,7,0,22,13.0,-1
202202240BRK,BRK,True,W,34:49,10,20,.500,4,9,.444,6,7,.857,1,6,7,4,1,0,4,1,30,21.5,+22
202202260DET,DET,True,W,38:53,8,21,.381,4,9,.444,6,8,.750,0,11,11,6,1,1,1,3,26,20.7,+6
202202270IND,IND,True,L,34:17,7,22,.318,2,12,.167,8,8,1.000,2,3,5,3,1,0,2,4,24,13.2,-24
202203010BOS,ATL,False,W,39:01,12,25,.480,3,10,.300,6,7,.857,1,7,8,7,0,0,2,2,33,24.8,+4
202203030BOS,MEM,False,W,38:55,14,25,.560,2,7,.286,7,8,.875,1,5,6,5,0,1,6,2,37,24.3,+17
202203060BOS,BRK,False,W,41:17,16,30,.533,8,15,.533,14,17,.824,2,3,5,3,0,0,2,4,54,39.0,+12
202203090CHO,CHO,True,W,37:32,16,24,.667,6,9,.667,6,6,1.000,0,5,5,3,3,1,2,3,44,37.7,+18
202203110BOS,DET,False,W,37:42,13,27,.481,2,9,.222,3,3,1.000,2,6,8,6,1,0,1,3,31,23.5,+14
202203130BOS,DAL,False,L,41:13,7,23,.304,3,10,.300,4,5,.800,4,7,11,4,0,0,2,0,21,13.0,+3
202203160GSW,GSW,True,W,36:49,6,16,.375,3,8,.375,11,12,.917,0,12,12,4,1,0,4,4,26,18.6,+17
202203180SAC,SAC,True,W,34:09,12,16,.750,7,10,.700,1,1,1.000,0,5,5,4,0,0,2,1,32,27.5,+40
202203200DEN,DEN,True,W,32:45,11,17,.647,6,10,.600,2,2,1.000,0,6,6,7,1,0,5,3,30,24.0,+22
202203210OKC,OKC,True,W,38:50,11,19,.579,5,11,.455,9,9,1.000,0,7,7,6,2,1,3,1,36,32.7,+12
202203230BOS,UTA,False,W,28:41,9,15,.600,5,8,.625,3,3,1.000,0,3,3,3,0,1,2,2,26,20.0,+16
202203270BOS,MIN,False,W,33:43,12,21,.571,5,11,.455,5,5,1.000,0,5,5,6,1,1,3,1,34,28.1,+34
202203300BOS,MIA,False,L,39:35,9,17,.529,0,5,.000,5,6,.833,1,4,5,6,2,0,4,4,23,16.8,-12
202204010BOS,IND,False,W,37:13,10,24,.417,3,9,.333,8,10,.800,2,4,6,6,1,1,1,0,31,24.9,-1
202204030BOS,WAS,False,W,29:09,9,17,.529,1,5,.200,3,6,.500,2,4,6,7,2,1,2,3,22,19.5,+22
202204060CHI,CHI,True,W,30:09,5,18,.278,1,8,.125,5,7,.714,0,10,10,8,2,1,2,1,16,13.5,+22
202204100MEM,MEM,True,W,26:03,11,14,.786,6,8,.750,3,3,1.000,0,9,9,3,1,0,5,2,31,25.6,+29
202210180BOS,PHI,False,W,38:38,13,20,.650,2,7,.286,7,9,.778,0,12,12,4,1,1,3,1,35,30.1,+10
202210210MIA,MIA,True,W,36:47,10,22,.455,2,7,.286,7,7,1.000,2,3,5,4,1,2,2,1,29,22.7,-1
202210220ORL,ORL,True,W,37:39,14,21,.667,4,10,.400,8,9,.889,0,8,8,1,1,2,1,2,40,34.2,+6
202210240CHI,CHI,True,L,35:26,8,18,.444,4,8,.500,6,6,1.000,0,8,8,5,0,0,1,2,26,20.7,-8
202210280BOS,CLE,False,L,42:11,11,19,.579,3,7,.429,7,8,.875,1,6,7,4,1,1,4,4,32,24.1,-10
202210300BOS,WAS,False,W,27:25,8,15,.533,5,10,.500,2,2,1.000,0,4,4,3,1,0,4,0,23,16.0,+10
202211020CLE,CLE,True,L,42:52,8,21,.381,2,9,.222,8,8,1.000,3,9,12,6,1,4,6,0,26,21.3,-16
202211040BOS,CHI,False,W,40:03,8,23,.348,3,10,.300,17,20,.850,2,10,12,6,1,1,1,4,36,29.6,+11
202211050NYK,NYK,True,W,36:31,8,17,.471,6,13,.462,4,4,1.000,0,4,4,5,1,2,3,3,26,20.2,+12
202211070MEM,MEM,True,W,39:35,12,25,.480,3,11,.273,12,16,.750,0,3,3,2,0,2,2,2,39,25.6,+15
202211090BOS,DET,False,W,31:35,10,20,.500,5,11,.455,6,7,.857,0,1,1,5,1,1,1,4,31,23.5,+16
202211110BOS,DEN,False,W,37:19,11,21,.524,2,7,.286,10,11,.909,0,8,8,5,0,0,1,4,34,26.6,+18
202211120DET,DET,True,W,40:59,14,28,.500,7,14,.500,8,10,.800,2,8,10,3,1,1,3,2,43,32.0,+7
202211140BOS,OKC,False,W,38:00,9,23,.391,1,9,.111,8,10,.800,1,9,10,1,3,3,1,2,27,21.1,+2
202211160ATL,ATL,True,W,32:54,6,19,.316,3,10,.300,4,4,1.000,1,6,7,8,1,1,2,1,19,15.5,+28
202211180NOP,NOP,True,W,39:28,6,18,.333,2,10,.200,5,6,.833,0,7,7,10,0,0,3,1,19,14.1,+11
202211210CHI,CHI,True,L,35:46,9,19,.474,4,10,.400,6,7,.857,2,9,11,7,0,0,4,1,28,22.5,-13
202211230BOS,DAL,False,W,36:49,11,24,.458,2,7,.286,13,15,.867,3,10,13,5,0,2,2,1,37,31.4,+14
202211250BOS,SAC,False,W,31:09,10,17,.588,2,6,.333,8,9,.889,1,7,8,4,1,0,3,4,30,23.7,+12
202211280BOS,CHO,False,W,29:50,15,28,.536,4,14,.286,1,1,1.000,0,3,3,3,2,1,0,3,35,25.9,+45
202211300BOS,MIA,False,W,39:13,15,25,.600,8,12,.667,11,12,.917,1,10,11,3,2,0,1,3,49,42.7,+29
202212020BOS,MIA,False,L,41:02,5,18,.278,0,7,.000,4,6,.667,3,9,12,3,0,0,5,4,14,2.9,0
202212040BRK,BRK,True,W,36:38,10,19,.526,3,6,.500,6,6,1.000,2,9,11,1,4,0,9,3,29,18.3,+12
202212050TOR,TOR,True,W,38:44,11,24,.458,5,10,.500,4,5,.800,3,9,12,3,1,1,4,2,31,22.0,+9
202212070PHO,PHO,True,W,29:06,9,19,.474,3,8,.375,4,6,.667,0,5,5,2,2,0,3,2,25,15.6,+26
202212100GSW,GSW,True,L,39:45,6,21,.286,2,9,.222,4,7,.571,1,6,7,2,3,1,2,2,18,9.3,-13
202212120LAC,LAC,True,L,36:34,7,20,.350,2,8,.250,4,4,1.000,2,9,11,4,1,0,3,3,20,12.5,-18
202212130LAL,LAL,True,W,43:55,15,29,.517,5,10,.500,9,10,.900,1,8,9,6,0,1,4,1,44,32.9,+12
202212160BOS,ORL,False,L,38:03,9,20,.450,2,8,.250,11,12,.917,3,4,7,3,2,0,2,1,31,25.2,-10
202212210BOS,IND,False,L,41:03,13,25,.520,4,11,.364,11,13,.846,1,4,5,4,2,1,2,0,41,33.3,+4
202212230BOS,MIN,False,W,35:00,10,22,.455,1,6,.167,9,11,.818,2,6,8,5,1,0,3,3,30,21.3,+11
202212250BOS,MIL,False,W,35:58,14,22,.636,3,7,.429,10,10,1.000,0,7,7,5,3,0,1,3,41,37.6,+18
202212270BOS,HOU,False,W,34:06,12,25,.480,6,16,.375,8,8,1.000,0,8,8,4,1,1,2,2,38,29.4,+12
202212290BOS,LAC,False,W,35:45,10,26,.385,3,11,.273,6,10,.600,1,10,11,1,0,1,2,2,29,15.5,-5
202301010DEN,DEN,True,L,35:31,7,16,.438,0,4,.000,11,14,.786,0,7,7,6,2,0,5,1,25,18.3,-15
202301030OKC,OKC,True,L,30:21,9,17,.529,2,7,.286,7,7,1.000,1,5,6,2,0,0,4,2,27,17.5,-25
202301050DAL,DAL,True,W,35:26,8,22,.364,2,8,.250,11,12,.917,2,12,14,10,1,2,2,2,29,28.0,+15
202301070SAS,SAS,True,W,36:02,13,26,.500,5,10,.500,3,5,.600,0,4,4,2,0,0,2,3,34,19.6,+2
202301090BOS,CHI,False,W,37:49,10,21,.476,4,11,.364,8,8,1.000,0,8,8,7,1,0,1,2,32,27.8,+14
202301110BOS,NOP,False,W,35:55,10,22,.455,3,8,.375,8,10,.800,2,8,10,4,1,0,0,2,31,25.6,+12
202301120BRK,BRK,True,W,38:22,7,22,.318,2,10,.200,4,4,1.000,0,11,11,5,0,1,3,3,20,10.7,+2
202301140CHO,CHO,True,W,36:54,12,27,.444,4,14,.286,5,5,1.000,3,6,9,6,0,1,1,0,33,26.7,+26
202301160CHO,CHO,True,W,40:10,15,23,.652,7,12,.583,14,14,1.000,1,8,9,5,0,0,4,3,51,42.3,+15
202301190BOS,GSW,False,W,48:07,9,27,.333,4,13,.308,12,12,1.000,2,17,19,6,3,0,7,2,34,24.6,+7
202301230ORL,ORL,True,L,37:38,9,19,.474,4,10,.400,4,6,.667,0,6,6,7,1,0,3,2,26,19.4,+6
202301240MIA,MIA,True,L,39:39,9,18,.500,2,5,.400,11,14,.786,0,14,14,7,0,0,7,4,31,21.3,-3
202301260BOS,NYK,False,L,43:07,12,26,.462,2,7,.286,9,9,1.000,2,12,14,4,1,1,3,3,35,26.9,+6
202301280BOS,LAL,False,W,47:20,8,25,.320,3,10,.300,11,12,.917,2,9,11,4,2,1,6,3,30,17.7,+3
202302010BOS,BRK,False,W,29:19,12,19,.632,7,12,.583,0,0,,1,8,9,4,2,1,1,1,31,29.7,+46
202302030BOS,PHO,False,L,37:53,3,15,.200,3,10,.300,11,12,.917,0,6,6,5,0,0,2,3,20,12.4,+1
202302060DET,DET,True,W,39:21,11,24,.458,3,9,.333,9,10,.900,2,9,11,6,0,1,3,4,34,25.6,+16
202302080BOS,PHI,False,W,37:24,5,15,.333,1,5,.200,1,3,.333,1,7,8,9,1,1,4,2,12,8.7,+5
202302100BOS,CHO,False,W,36:55,13,21,.619,5,10,.500,10,12,.833,0,4,4,4,1,2,4,2,41,32.3,+2
202302120BOS,MEM,False,W,37:59,3,16,.188,1,8,.125,9,12,.750,0,7,7,3,2,2,3,0,16,9.4,+7
202302150BOS,DET,False,W,34:02,15,24,.625,6,10,.600,2,2,1.000,0,9,9,7,0,0,4,3,38,29.6,+1
202302230IND,IND,True,W,41:42,9,25,.360,3,12,.250,10,11,.909,3,9,12,7,2,1,4,1,31,24.7,-8
202302250PHI,PHI,True,W,36:26,7,17,.412,3,8,.375,1,2,.500,3,10,13,6,0,1,5,1,18,13.1,-6
202302270NYK,NYK,True,L,36:41,6,18,.333,1,9,.111,1,1,1.000,2,5,7,9,1,0,4,1,14,9.6,-18
202303010BOS,CLE,False,W,35:57,13,21,.619,4,6,.667,11,14,.786,2,9,11,8,0,0,3,1,41,36.6,+4
202303030BOS,BRK,False,L,38:20,10,23,.435,0,7,.000,2,2,1.000,1,12,13,5,1,2,4,2,22,15.3,-19
202303050BOS,NYK,False,L,48:57,12,30,.400,6,17,.353,10,12,.833,2,9,11,6,0,0,2,2,40,28.5,+4
202303080BOS,POR,False,W,30:44,11,17,.647,6,10,.600,2,4,.500,1,6,7,2,1,0,3,0,30,23.6,+21
202303110ATL,ATL,True,W,35:27,12,25,.480,5,14,.357,5,6,.833,0,15,15,6,0,1,1,5,34,27.3,+13
202303130HOU,HOU,True,L,41:04,8,22,.364,2,10,.200,4,4,1.000,0,8,8,6,1,0,4,1,22,13.0,-2
202303150MIN,MIN,True,W,36:55,4,16,.250,0,8,.000,14,16,.875,1,11,12,2,2,1,2,5,22,15.7,-3
202303170POR,POR,True,W,36:29,8,20,.400,2,11,.182,16,18,.889,1,11,12,4,3,0,5,2,34,26.4,+11
202303180UTA,UTA,True,L,38:42,4,12,.333,3,8,.375,4,6,.667,0,3,3,6,0,1,2,3,15,10.0,-13
202303210SAC,SAC,True,W,35:16,14,25,.560,2,7,.286,6,11,.545,1,7,8,4,2,0,1,0,36,28.7,+21
202303240BOS,IND,False,W,32:26,13,24,.542,3,9,.333,5,6,.833,0,7,7,2,2,0,6,3,34,20.3,+23
202303280WAS,WAS,True,L,31:52,11,19,.579,2,7,.286,4,4,1.000,0,9,9,5,0,1,3,4,28,21.4,-10
202303300MIL,MIL,True,W,30:43,12,18,.667,8,10,.800,8,8,1.000,1,7,8,1,0,0,0,1,40,35.3,+36
202303310BOS,UTA,False,W,35:47,12,17,.706,5,8,.625,10,11,.909,1,10,11,3,3,0,0,4,39,38.7,+7
202304040PHI,PHI,True,L,37:48,7,20,.350,2,8,.250,3,5,.600,1,5,6,6,3,0,2,2,19,13.6,-13
202304070BOS,TOR,False,W,19:56,7,12,.583,0,5,.000,7,9,.778,1,2,3,4,0,0,3,2,21,14.9,+23
202310250NYK,NYK,True,W,38:39,13,22,.591,3,8,.375,5,6,.833,0,11,11,4,2,1,4,3,34,27.0,0
202310270BOS,MIA,False,W,41:26,9,22,.409,3,10,.300,1,3,.333,0,8,8,5,1,0,2,4,22,12.7,+13
202310300WAS,WAS,True,W,27:36,14,21,.667,4,9,.444,1,1,1.000,0,6,6,3,0,0,2,2,33,25.0,+27
202311010BOS,IND,False,W,26:34,9,15,.600,3,5,.600,9,10,.900,2,10,12,4,0,0,2,1,30,27.5,+36
202311040BRK,BRK,True,W,40:52,10,20,.500,6,10,.600,6,6,1.000,1,10,11,1,0,0,3,1,32,23.0,+18
202311060MIN,MIN,True,L,42:58,12,22,.545,2,8,.250,6,8,.750,0,5,5,2,5,0,6,2,32,21.7,+3
202311080PHI,PHI,True,L,37:05,6,14,.429,2,6,.333,2,3,.667,1,14,15,6,3,0,2,2,16,17.5,-1
202311100BOS,BRK,False,W,33:18,6,17,.353,4,11,.364,7,9,.778,1,9,10,3,0,0,2,1,23,15.8,+28
202311110BOS,TOR,False,W,34:05,10,18,.556,3,9,.333,4,6,.667,0,5,5,4,0,1,1,2,27,20.8,+42
202311130BOS,NYK,False,W,39:28,13,23,.565,5,12,.417,4,5,.800,1,5,6,7,1,0,3,5,35,26.8,+12
202311150PHI,PHI,True,W,38:30,10,23,.435,4,10,.400,5,6,.833,2,6,8,6,2,0,3,1,29,22.5,+2
202311170TOR,TOR,True,W,37:25,8,22,.364,1,11,.091,0,0,,1,6,7,2,1,0,3,3,17,5.5,-4
202311190MEM,MEM,True,W,35:15,7,13,.538,1,1,1.000,5,6,.833,2,7,9,5,1,1,8,4,20,12.4,-1
202311200CHO,CHO,True,L,43:54,15,28,.536,7,15,.467,8,10,.800,0,13,13,6,0,2,3,1,45,36.7,-5
202311220BOS,MIL,False,W,36:01,7,17,.412,2,9,.222,7,9,.778,0,11,11,4,0,1,2,2,23,17.1,-2
202311240ORL,ORL,True,L,38:55,7,16,.438,0,3,.000,12,13,.923,0,5,5,3,2,0,2,3,26,19.6,-21
202311260BOS,ATL,False,W,38:48,11,25,.440,5,13,.385,7,10,.700,1,8,9,4,2,0,6,2,34,20.8,+3
202311280BOS,CHI,False,W,35:33,8,16,.500,2,8,.250,3,3,1.000,1,6,7,4,0,0,4,2,21,13.5,+18
202312010BOS,PHI,False,W,27:27,6,9,.667,2,5,.400,7,9,.778,0,7,7,4,1,1,7,1,21,15.5,-7
202312040IND,IND,True,L,37:22,13,26,.500,2,8,.250,4,7,.571,1,11,12,6,1,0,2,2,32,24.2,-14
202312080BOS,NYK,False,W,38:36,8,18,.444,3,9,.333,6,8,.750,0,6,6,5,1,0,0,3,25,19.9,+17
202312120BOS,CLE,False,W,40:34,7,19,.368,2,9,.222,9,9,1.000,0,10,10,5,0,2,4,3,25,17.2,+9
202312140BOS,CLE,False,W,36:26,9,22,.409,3,10,.300,6,8,.750,3,8,11,3,0,3,3,1,27,19.7,+2
202312150BOS,ORL,False,W,38:47,11,22,.500,2,9,.222,6,9,.667,0,6,6,4,0,0,2,3,30,19.2,+14
202312170BOS,ORL,False,W,30:52,8,21,.381,4,6,.667,3,4,.750,3,5,8,3,0,1,1,3,23,15.3,+9
202312190GSW,GSW,True,L,40:57,5,17,.294,2,9,.222,3,3,1.000,3,5,8,7,2,0,0,0,15,15.6,-9
202312230LAC,LAC,True,W,30:20,9,16,.563,5,10,.500,7,9,.778,0,4,4,2,1,0,2,0,30,23.2,+19
202312250LAL,LAL,True,W,41:14,6,15,.400,1,6,.167,12,13,.923,0,8,8,7,0,1,1,0,25,23.5,+10
202312280BOS,DET,False,W,43:19,11,31,.355,2,11,.182,7,8,.875,2,5,7,10,5,0,3,4,31,23.6,+10
202312310SAS,SAS,True,W,30:50,10,17,.588,5,10,.500,0,0,,1,5,6,2,0,2,3,1,25,18.7,+32
202401020OKC,OKC,True,L,37:36,10,21,.476,2,5,.400,8,10,.800,5,8,13,8,1,0,4,3,30,25.8,0
202401050BOS,UTA,False,W,24:38,6,12,.500,5,8,.625,13,14,.929,0,9,9,5,1,1,1,1,30,30.1,+34
202401060IND,IND,True,W,37:36,14,23,.609,8,13,.615,2,4,.500,1,12,13,6,1,0,4,4,38,30.6,+19
202401100BOS,MIN,False,W,42:15,13,26,.500,6,11,.545,13,14,.929,0,4,4,2,1,0,1,3,45,33.0,+3
202401110MIL,MIL,True,L,15:45,2,6,.333,0,1,.000,3,4,.750,0,1,1,3,0,0,1,2,7,3.8,-31
202401130BOS,HOU,False,W,29:30,9,17,.529,4,7,.571,5,7,.714,1,7,8,5,1,1,2,2,27,23.1,+9
202401150TOR,TOR,True,W,37:28,7,19,.368,1,6,.167,4,4,1.000,0,14,14,6,1,1,1,2,19,16.8,+8
202401170BOS,SAS,False,W,31:33,9,21,.429,3,8,.375,3,5,.600,0,5,5,2,0,0,2,2,24,12.2,+11
202401190BOS,DEN,False,L,38:55,9,24,.375,1,8,.125,3,3,1.000,2,6,8,5,1,0,0,1,22,16.1,+6
202401210HOU,HOU,True,W,35:07,4,17,.235,1,6,.167,9,12,.750,1,6,7,3,1,0,2,0,18,10.1,-4
202401220DAL,DAL,True,W,40:55,11,21,.524,2,8,.250,15,19,.789,0,11,11,5,3,2,0,4,39,36.7,+27
202401250MIA,MIA,True,W,32:12,7,15,.467,3,7,.429,9,10,.900,1,7,8,4,0,0,1,1,26,22.1,+22
202401270BOS,LAC,False,L,30:02,8,18,.444,2,4,.500,3,3,1.000,3,8,11,1,0,1,3,2,21,13.7,-32
202401290BOS,NOP,False,W,37:30,10,18,.556,2,8,.250,6,7,.857,0,10,10,8,3,1,7,1,28,23.9,+9
202401300BOS,IND,False,W,38:50,12,19,.632,4,9,.444,2,3,.667,0,7,7,7,1,2,2,2,30,27.7,-4
202402010BOS,LAL,False,L,36:37,8,21,.381,5,10,.500,2,2,1.000,2,5,7,3,1,1,2,3,23,15.0,-12
202402040BOS,MEM,False,W,30:48,12,22,.545,6,12,.500,4,4,1.000,1,7,8,7,1,0,2,1,34,29.7,+27
202402070BOS,ATL,False,W,35:36,8,21,.381,2,13,.154,2,2,1.000,0,9,9,7,1,0,3,3,20,12.9,+3
202402090BOS,WAS,False,W,38:04,12,22,.545,3,10,.300,8,9,.889,1,9,10,8,1,2,2,1,35,33.0,+9
202402110MIA,MIA,True,W,38:41,11,20,.550,2,6,.333,2,2,1.000,1,9,10,9,0,2,1,1,26,26.1,+5
202402130BRK,BRK,True,W,38:59,14,26,.538,5,11,.455,8,8,1.000,0,14,14,5,2,1,2,3,41,35.6,+21
202402140BOS,BRK,False,W,28:23,7,16,.438,2,7,.286,4,5,.800,1,6,7,9,0,0,1,0,20,19.0,+27
202402220CHI,CHI,True,W,34:55,8,17,.471,5,10,.500,4,6,.667,0,7,7,5,3,0,3,3,25,19.9,+13
202402240NYK,NYK,True,W,43:22,7,15,.467,2,8,.250,3,4,.750,1,5,6,6,2,1,4,3,19,14.8,+15
202402270BOS,PHI,False,W,34:45,9,20,.450,1,7,.143,10,11,.909,0,11,11,8,0,1,1,1,29,26.4,+27
202403010BOS,DAL,False,W,37:10,10,19,.526,5,9,.556,7,7,1.000,0,8,8,3,0,0,4,2,32,22.4,+17
202403030BOS,GSW,False,W,25:12,9,13,.692,4,5,.800,5,5,1.000,0,3,3,5,1,1,0,2,27,26.8,+40
202403050CLE,CLE,True,L,37:31,8,21,.381,5,9,.556,5,6,.833,2,11,13,2,0,0,2,3,26,17.0,-7
202403070DEN,DEN,True,L,38:39,5,13,.385,2,5,.400,3,4,.750,1,3,4,8,2,0,5,4,15,10.1,-2
